Sample ID,Audit Area,Control,Evidence ID,Evidence Source,Risk Priority,Sampling Method,Expected Result,Actual Result,Test Status,Auditor Notes
SMP-001,Access Control,A.5.15,EVD-001,13-Evidence-Repository/access-review-evidence.md,High,Representative quarterly sample,Access review completed with exceptions documented and remediated,Access review completed and 65 accounts reviewed with 2 exceptions remediated,Pass,Control evidence supports quarterly access review effectiveness
SMP-002,Authentication,A.8.5,EVD-002,13-Evidence-Repository/authentication-evidence.md,Critical,Configuration verification,MFA and authentication security settings are implemented,MFA password lockout session timeout and logging controls verified,Pass,Authentication controls were verified as effective
SMP-003,Vulnerability Management,A.8.8,EVD-003,13-Evidence-Repository/vulnerability-retest-evidence.md,Critical,Targeted retest sample,Remediated vulnerabilities have documented retest evidence,SQL injection remediation was retested and confirmed not exploitable,Pass,Closure evidence supports effective remediation
SMP-004,Backup & Recovery,A.8.13,EVD-004,13-Evidence-Repository/backup-test-evidence.md,High,Restoration test sample,Backup can be successfully restored,Backup restoration test completed successfully,Pass,Restoration evidence supports recovery capability
SMP-005,Incident Management,A.5.24,EVD-005,13-Evidence-Repository/incident-evidence.md,High,Incident record sample,Security incident investigation and response are documented,INC-2026-004 was investigated and closed with no identified data exposure,Pass,Incident response evidence was available and traceable
SMP-006,Security Awareness,A.6.3,EVD-006,13-Evidence-Repository/security-awareness-evidence.md,Medium,Population completion sample,Security awareness training is completed by required personnel,70 of 70 personnel completed security awareness training,Pass,Training completion rate was 100 percent
SMP-007,Asset Management,A.5.9,EVD-007,03-Risk-Management/asset-register.csv,High,Register review sample,Information assets are identified and maintained,Asset register contains defined information assets and ownership context,Pass,Asset inventory supports risk and control management
SMP-008,Privileged Access,A.5.15,EVD-008,05-Control-Implementation/access-control.md,High,Approval record sample,Privileged access requires authorization,Privileged access approval requirements are documented,Pass,Access governance evidence supports authorization requirements
SMP-009,Secure Development,A.8.29,EVD-009,05-Control-Implementation/secure-development.md,Critical,Release security test sample,Application security testing is performed before release,Application security testing requirements and results are documented,Pass,Security testing evidence supports secure SDLC verification
SMP-010,Logging & Monitoring,A.8.15,EVD-010,05-Control-Implementation/logging-monitoring.md,High,Configuration evidence sample,Security logging is centralized and monitored,Centralized security logging configuration evidence is available,Pass,Logging evidence supports monitoring requirements
SMP-011,CAPA Verification,CAPA-001,EVD-001,15-CAPA-Closure/capa-closure-evidence.csv,Medium,Closed finding sample,F-001 correction and effectiveness should be verified,F-001 is closed and CAPA-001 effectiveness result is Effective,Pass,Previous access review finding verified as effectively closed
SMP-012,CAPA Verification,CAPA-002,EVD-003,15-CAPA-Closure/capa-closure-evidence.csv,Critical,Closed finding sample,F-002 correction and effectiveness should be verified,F-002 is closed and CAPA-002 effectiveness result is Effective,Pass,Previous vulnerability retest finding verified as effectively closed
SMP-013,CAPA Verification,CAPA-003,15-CAPA-Closure/capa-effectiveness-review.md,15-CAPA-Closure/capa-effectiveness-review.md,High,Closed finding sample,F-003 correction and effectiveness should be verified,F-003 is closed and CAPA-003 effectiveness result is Effective,Pass,CAPA tracking process effectiveness verified
SMP-014,CAPA Verification,CAPA-004,09-Management-Review/management-review.md,09-Management-Review/management-review.md,Medium,Closed finding sample,F-004 correction and effectiveness should be verified,F-004 is closed and CAPA-004 effectiveness result is Effective,Pass,Management review evidence finding verified as effectively closed
